account,url,title,date,duration_s,views_2026_10_07,cuts,cuts_per_min,first_cut_s,frame,reveal_ladder_rung,studied_frame_by_frame,note
Apple,https://www.youtube.com/watch?v=dAqo0pib06M,dear diary…,2026-04-02,29.8,179124,8,16.1,3.1,608x1080,5 demo,n,
CMF,https://www.youtube.com/watch?v=QKs2ahCjiHY,"CMF Buds - Every beat, brought to life  - coming soon",2024-02-29,6.0,9155,0,0.0,,608x1080,3 partial,y,
Figma,https://www.youtube.com/watch?v=IfwwyhTIJms,Slots coming March 5th | Figma Update,2026-02-27,39.7,19651,5,7.6,3.07,608x1080,5 demo,n,
Framer,https://www.youtube.com/watch?v=DeHSbumVPRU,Something small is coming soon Framer x Work Louder,2025-03-20,10.2,4454,0,0.0,,608x1080,3 partial,y,
Framer,https://www.youtube.com/watch?v=wVtFhFfEh6A,Framer Plugins are coming!,2024-04-10,30.8,5237,8,15.6,3.07,480x854,,n,
Made by Google,https://www.youtube.com/watch?v=HIkj4yz2t_E,"Google Pixel 10a: A phone with more in store, in store soon",2026-02-04,15.0,176420,9,36.0,1.17,1920x1080,4 glimpse + name,y,
Made by Google,https://www.youtube.com/watch?v=teMGOOhwi3c,First impressions matter (first look at a new phone),2026-08-13,45.6,9373,6,7.9,14.01,608x1080,,n,
Made by Google,https://www.youtube.com/watch?v=mQTk5p9uRHk,Your favorite team is now your lock screen ⚽️ Coming soon to Google Pro.,2026-08-14,56.8,4309,27,28.5,0.97,608x1080,,n,
Nothing,https://www.youtube.com/watch?v=Go-nxxjYQxY,Updating…,2026-08-19,8.0,115280,0,0.0,,608x1080,1 mystery,y,Abstract dots and a progress idea; no product shown.
Nothing,https://www.youtube.com/watch?v=ljcUxbCVg_o,Control freak...,2026-06-04,12.5,153729,1,4.8,6.72,608x1080,3 partial,y,
Nothing,https://www.youtube.com/watch?v=ojGIcC5vhBs,Take a deep breath in… cleanse out all doubt.,2026-06-27,38.7,26800,13,20.2,1.88,608x1080,,n,
Notion,https://x.com/NotionHQ/status/1849556567969890689,Notion Mail (coming soon),2024-10-24,10.0,353653,0,0.0,,1280x720,4 glimpse + name,y,"A 2.6 s real-UI glimpse, then the ""Mail"" wordmark. The words live in the post text, not in the video. Most-viewed teaser in the set."
Raycast,https://www.youtube.com/watch?v=Mi173xGb0ZA,New Raycast. Coming 2026,2025-12-18,38.6,113323,5,7.8,5.67,1920x1080,4 glimpse + name,y,Plays like a trailer at 38 s.
Raycast,https://www.youtube.com/watch?v=NdHfTOaK5SY,The new Raycast is coming in...,2026-02-26,298.8,90172,38,7.6,6.29,1920x1080,,n,"A 5-minute trailer, not a teaser."
Samsung,https://www.youtube.com/watch?v=5r6fDR4-m4Y,What's coming?: Chocolate | Samsung,2026-06-30,8.0,86227,1,7.5,7.05,608x1080,2 metaphor (series),y,
Samsung,https://www.youtube.com/watch?v=Y05cAvxoI1E,What's coming?: All-new inside | Samsung,2026-07-13,10.0,61760,1,6.0,8.76,608x1080,2 metaphor (series),n,
Samsung,https://www.youtube.com/watch?v=Hczwf9ehP2s,What's coming?: Squeegee | Samsung,2026-06-30,11.8,46239,1,5.1,10.8,608x1080,2 metaphor (series),n,
Samsung,https://www.youtube.com/watch?v=zt7ON5pnz0Q,What's coming?: Puzzle | Samsung,2026-06-30,11.9,51417,1,5.0,10.89,608x1080,2 metaphor (series),n,
Samsung,https://www.youtube.com/watch?v=MZPigPi2wF8,What's coming?: Dalgona | Samsung,2026-06-30,13.0,51792,1,4.6,12.01,608x1080,2 metaphor (series),n,
Samsung,https://www.youtube.com/watch?v=lEsBF-8xxhI,What's coming?: Heart racing | Samsung,2026-07-13,13.0,67662,2,9.2,7.63,608x1080,2 metaphor (series),n,
Samsung,https://www.youtube.com/watch?v=yVoBy9CGTh0,What's coming?: Unstoppable Power | Samsung,2026-07-13,13.0,71586,2,9.2,7.63,608x1080,2 metaphor (series),n,
Samsung,https://www.youtube.com/watch?v=5Cyq7GhcGIM,What's coming?: Photo | Samsung,2026-06-30,13.3,40059,1,4.5,12.26,608x1080,2 metaphor (series),n,
Samsung,https://www.youtube.com/watch?v=uCxgCB5ilxg,What's coming?: Pizza | Samsung,2026-06-30,14.0,47936,1,4.3,13.05,608x1080,2 metaphor (series),y,
Samsung,https://www.youtube.com/watch?v=q975OrJ8DqU,Something new is coming (with a celebrity guest),2026-07-20,17.0,95334,6,21.2,2.33,608x1080,,n,
teenage engineering,https://www.youtube.com/watch?v=Yn7VF0XYz2U,coming soon...,2022-09-08,18.5,18423,1,3.2,9.72,1440x1080,2 metaphor,y,Plays like a trailer at 18 s.
