url,tab,title,duration_s,views,date,flags,candidate
https://www.youtube.com/watch?v=OMVpP-Zam1A,videos,Introducing the Google Pixel 9 Pro,30,15000000,,launch,y
https://www.youtube.com/watch?v=NC_A3EHFKF4,videos,Introducing the Google Pixel 9 Pro Fold,30,10000000,,launch,y
https://www.youtube.com/watch?v=G8R6rP34xI0,videos,"Meet the New Pixel Lineup | Engineered by Google, For All You Do",21,6900000,,launch,y
https://www.youtube.com/watch?v=BnEbuzMwkh4,videos,Google Pixel 10 with Gemini Live | Actually New,31,3500000,,launch,y
https://www.youtube.com/watch?v=Z3lqOEM6Zig,videos,Meet Google Pixel 10 Pro With Gemini | The New Status Pro,31,800000,,launch,y
https://www.youtube.com/watch?v=v4xrW2FVEq4,videos,"Meet Google Fitbit Air | Lighter, Gets Mightier",31,572000,,launch,y
https://www.youtube.com/watch?v=GNuXueQ1BYc,videos,Google Pixel 11 Pro | Meet 11,16,398000,,launch,y
https://www.youtube.com/watch?v=vL5Lxsh1GUM,videos,"Meet Google Pixel 10 With Gemini | Do Spectacular Things, Every Day",31,257000,,launch,y
https://www.youtube.com/watch?v=_Ve_Mk4I0Zs,videos,"Meet Google Pixel Watch 4 With Gemini | Precision Crafted, Performance Ready",31,251000,,launch,y
https://www.youtube.com/watch?v=gaUbj8K3RkI,videos,Meet Google Pixel Buds Pro 2 | Light Ears Ahead,49,240000,,launch,y
https://www.youtube.com/shorts/tVU4_oNpW8E,shorts,Google Pixel 11 Pro | Meet 11,,204000,,launch,y
https://www.youtube.com/watch?v=1xw8-y4duDQ,videos,Meet Google Pixel 11 Pro | Attention-Grabbing. Not Attention-Seeking.,31,195000,,launch,y
https://www.youtube.com/watch?v=VLAC75BeGjI,videos,"Meet Google Pixel Watch 3 | Big Screen, Bigger Strides",46,194000,,launch,y
https://www.youtube.com/watch?v=YL3Sp9mv5BY,videos,Meet Google Pixel 10 Pro Fold With Gemini | Unfold Extraordinary,29,178000,,launch,y
https://www.youtube.com/watch?v=HIkj4yz2t_E,videos,"Google Pixel 10a: A phone with more in store, in store soon",16,176000,,teaser,y
https://www.youtube.com/watch?v=ZSbrP-ckTfU,videos,What If New Never Got Old? | March '25 Pixel Drop,60,175000,,launch,y
https://www.youtube.com/watch?v=phx5I9Fqh38,videos,Meet Google Pixel 9 Pro Fold With Gemini | An Epic Display of Google AI,38,172000,,launch,y
https://www.youtube.com/watch?v=iJ7ZZ1Xy5HU,videos,"Meet the Next-Gen Nest Learning Thermostat | Save Energy, Brilliantly",53,150000,,launch,y
https://www.youtube.com/watch?v=kkeEIbIR2kc,videos,Meet the Google Home Speaker | Brilliant Sound Meets Gemini Magic.,31,144000,,launch,y
https://www.youtube.com/watch?v=m4R7tP084j4,videos,"Meet Google Pixel 9a With Gemini | Magic, Made Simple",40,120000,,launch,y
https://www.youtube.com/watch?v=fRkAiHP2JrM,videos,Meet Google Pixel 10a | More Of What You Need,31,103000,,launch,y
https://www.youtube.com/watch?v=x4_ahwTAS-I,videos,Google Pixel 10: A new era for business phones,62,94000,,launch,y
https://www.youtube.com/watch?v=xJj_wFLZDuw,videos,Meet Google Pixel 11 Pro Fold | Eye-Opening Performance,31,90000,,launch,y
https://www.youtube.com/shorts/_A7nTu5KJmA,shorts,Ask more of your phone with the new Google #Pixel10 with Gemini.,,89000,,launch,y
https://www.youtube.com/watch?v=7XWbYMpZuY4,videos,Meet Google Health Coach,61,84000,,launch,y
https://www.youtube.com/watch?v=xFNVratdz7w,videos,"Meet The Google Nest Cam Outdoor (wired, 2nd gen)  | Outsmart The Unknown With 2K And Gemini.",31,80000,,launch,y
https://www.youtube.com/watch?v=5zBQYEQKT_A,videos,Mark Rober Launches Pixel Into Space,60,80000,,launch,y
https://www.youtube.com/shorts/lPAQ_TFNLws,shorts,Ask more of your phone with the new Google #Pixel10 with Gemini.,,65000,,launch,y
https://www.youtube.com/watch?v=2RTVFTOh8vo,videos,"Meet the Google Nest Cam Indoor (wired, 3rd gen) | More Insight Inside With 2K And Gemini.",31,51000,,launch,y
https://www.youtube.com/shorts/A8oe1MJTiTE,shorts,We invited 50 creators from around the world to meet the #Pixel11 Pro at the Google Store in NYC,,22000,,launch,y
https://www.youtube.com/shorts/M7EaPGmTDVg,shorts,"Loss of Pulse Detection is a new feature you hope you never need, but you're really glad you have 💓",,21000,,launch,y
https://www.youtube.com/shorts/XcMxl3aLGLI,shorts,"Closed eyes, toddlers, and group pics...meet your match 💅 #Pixel9",,20000,,launch,y
https://www.youtube.com/shorts/o2GhTiyXkk8,shorts,New look unlocked with Circle to Search on Google Pixel 10 Pro.,,18000,,launch,y
https://www.youtube.com/shorts/hygOUx5LarE,shorts,POV: You’re discovering a whole new world at the botanical garden with Pro Zoom on #Pixel10 Pro 🌳,,16000,,launch,y
https://www.youtube.com/shorts/UFf5KD1K8ks,shorts,new #PixelDrop = instant mood boost 🥳,,16000,,launch,y
https://www.youtube.com/shorts/HpLKJliHInU,shorts,@jonasbrothers filming their new music video on a #Pixel10 Pro means they can’t lose. #MadeByGoogle,,15000,,launch,y
https://www.youtube.com/shorts/tZXt9IxlJEo,shorts,@jonasbros have been working on something new. See everything they’ve been up to at #MadeByGoogle,,15000,,launch,y
https://www.youtube.com/shorts/t9jt8Hd5x5o,shorts,hot take: Gemini Live is making jicama the new daikon #Pixel10,,14000,,launch,y
https://www.youtube.com/shorts/t6_oNpyHhvQ,shorts,Meet Gemini Omni on #Pixel10 Pro. Turn your words into video edits just by chatting. 🎬,,11000,,launch,y
https://www.youtube.com/shorts/NQgy_VTuahc,shorts,Today’s palette just needed a pop of Pixel 😉 Get ready with Ayami and Google #Pixel11 Pro,,9700,,teaser,y
https://www.youtube.com/shorts/teMGOOhwi3c,shorts,First impressions matter. Trevor Noah reveals the first look at the new #Pixel11 lineup 👏,,9300,,launch,y
https://www.youtube.com/shorts/5xOd90mIC8Q,shorts,Mwahahaha 🎃 Bring some Halloween spirit to your Pixel calls with a new seasonal Audio Emoji!,,8600,,launch,y
https://www.youtube.com/shorts/oSE3NyOWglY,shorts,Meet the colors of 2026: Hibiscus,,7400,,launch,y
https://www.youtube.com/shorts/ujFcPw3S5XI,shorts,Who knew you could photograph in the dark like this? That’s the magic of Pixel 🪄 #PixOfTheDay,,6900,,launch,y
https://www.youtube.com/shorts/sB2tWBTbBqY,shorts,"#TeamPixel is here, there, and everywhere 💨 #PixOfTheDay",,6800,,launch,y
https://www.youtube.com/shorts/_dlQ5S7e7v8,shorts,"Tight frame, meet more space 🤝 Auto Frame in Magic Editor gives your photos the perfect frame.",,6200,,launch,y
https://www.youtube.com/shorts/-hSud55KmtM,shorts,Meet the colors of 2026: Olive,,6000,,launch,y
https://www.youtube.com/shorts/402iWUGQt58,shorts,Meet the colors of 2026: Pistachio,,4300,,launch,y
https://www.youtube.com/shorts/D8ewAmoWEpE,shorts,Meet the colors of 2026: Canyon,,4300,,launch,y
https://www.youtube.com/shorts/mQTk5p9uRHk,shorts,Your favorite team is now your lock screen ⚽️ Coming soon to Google #Pixel11 Pro.,,4300,,teaser,y
https://www.youtube.com/watch?v=JEM8IKuDqiw,videos,Meet Google Pixel Watch 5 | A Smarter Way to a Healthier You,31,,,launch,y
https://www.youtube.com/watch?v=Yj_pnXsTrpA,videos,Meet Google Pixel 11 | Anything But Ordinary,31,,,launch,y
https://www.youtube.com/watch?v=CVHKo9T2btA,videos,#BestPhonesForever: Defying Gravity,61,51000000,,,
https://www.youtube.com/watch?v=DSFdEnCnxJI,videos,#BestPhonesForever: Communication Breakthrough,66,35000000,,,
https://www.youtube.com/watch?v=s0_irbD4zIs,videos,Google Pixel 10 With Camera Coach | Picture This,16,18000000,,,
https://www.youtube.com/watch?v=JQXIWHp4Zhg,videos,Google Pixel 10 With Gemini Live | Look At That,16,18000000,,,
https://www.youtube.com/watch?v=k7TBDzbmiSs,videos,Made by Google ‘26: Magic Capture with JuJu Watkins and Jesser,58,17000000,,,
https://www.youtube.com/watch?v=X_ampb3yVMI,videos,Google Pixel 10 with Add Me | Overlook,16,17000000,,,
https://www.youtube.com/watch?v=kCSRR0B0zOo,videos,Google Pixel 10 | Questions,16,13000000,,,
https://www.youtube.com/watch?v=xSf6FYIBVAY,videos,Google Pixel 10 with Gemini Live | Speaks For Itself,16,12000000,,,
https://www.youtube.com/watch?v=OgamOr0ifZc,videos,Google Pixel 11 Pro with HiLight | Uninterrupted,61,11000000,,,
https://www.youtube.com/watch?v=A26C66LX2AA,videos,#BestPhonesForever: Responding to the Rumors,63,9500000,,,
https://www.youtube.com/watch?v=ALMXiBccmmM,videos,Google Health X Stephen Curry,31,9300000,,,
https://www.youtube.com/watch?v=WJ4HciY60i4,videos,Made by Google Event | Take the Stage,33,9200000,,,
https://www.youtube.com/watch?v=h-XbeLZag-k,videos,Google Pixel 10 With Gemini Live | Impressive,31,9000000,,,
https://www.youtube.com/watch?v=oQQCUn-BEaY,videos,#BestPhonesForever: The Break Up,50,8500000,,,
https://www.youtube.com/watch?v=op0pYFBAF2o,videos,"April 2025 Pixel Drop: Gemini Live, Now With Camera & Screen Sharing",54,8400000,,,
https://www.youtube.com/watch?v=1UgXZjY9eQI,videos,#BestPhonesForever: Responding to MORE Rumors,61,8300000,,,
https://www.youtube.com/watch?v=Dniq4Vfbrbs,videos,Google Pixel 10 With Magic Cue | Answers,31,7600000,,,
https://www.youtube.com/watch?v=LPfMZWCNwls,videos,#BestPhonesForever: Happy Diwali,81,5000000,,,
https://www.youtube.com/watch?v=z_Vh0WKfIlE,videos,#BestPhonesForever: Out to Lunch,67,4700000,,,
https://www.youtube.com/watch?v=wg9AJqRGZBU,videos,#BestPhonesForever: Pass the Baton,64,2500000,,,
https://www.youtube.com/watch?v=oOgquaButpY,videos,"Your Pixel, but make it Wicked: For Good | November ’25 Pixel Drop",79,2100000,,,
https://www.youtube.com/watch?v=VTmV4T6DOT4,videos,Google Pixel 9 With Circle to Search,16,2000000,,,
https://www.youtube.com/watch?v=rPbGsqZoZf8,videos,#BestPhonesForever: Family Dynamics,65,2000000,,,
https://www.youtube.com/watch?v=eSBwmBHCQwI,videos,Google Pixel 11 Pro Fold | Open,16,1100000,,,
https://www.youtube.com/watch?v=orpSL9Ainpc,videos,"It’s Pixel, actually",60,1100000,,,
https://www.youtube.com/watch?v=reNuCsQwqUE,videos,Google Pixel 10 Pro | With 100x Zoom,16,802000,,,
https://www.youtube.com/watch?v=PmV-IMX0YNQ,videos,Google Pixel 11 Pro | The Next Obvious Move,31,557000,,,
https://www.youtube.com/watch?v=eQe9iIV7h84,videos,"Live From NYC, It’s #MadeByGoogle ‘25",25,454000,,,
https://www.youtube.com/watch?v=aFQvG0WQkpU,videos,Switch like Sol | Google Pixel 9,60,432000,,,
https://www.youtube.com/watch?v=bX6SODla-Vw,videos,The Design of Google Pixel Watch 3,55,360000,,,
https://www.youtube.com/watch?v=x65VVs-aSUI,videos,Google Pixel 9 With Add Me,31,332000,,,
https://www.youtube.com/watch?v=5ZkwNbYJcgQ,videos,The Updates That Matter. At A Glance | March '26 Pixel Drop,34,286000,,,
https://www.youtube.com/watch?v=yPG0LCQF87s,videos,A Design Refresh That Looks Fresh | September ‘25 Pixel Drop,65,235000,,,
https://www.youtube.com/watch?v=zvWSRAAF5U8,videos,#BestPhonesForever: Generation Gap,66,220000,,,
https://www.youtube.com/watch?v=fh3X91J7iv0,videos,Oops We Dropped Something | October '24 Pixel Drop,74,197000,,,
https://www.youtube.com/watch?v=31ghtFC6ouI,videos,#BestPhonesForever: Pen Pal,82,169000,,,
https://www.youtube.com/watch?v=2gj7GfYb5Jo,videos,#BestPhonesForever: For Good,60,164000,,,
https://www.youtube.com/watch?v=798VKff1v2U,videos,Make Everyday Easier With Gemini,57,150000,,,
https://www.youtube.com/watch?v=9jdfxWzrtAY,videos,#BestPhonesForever: Summer Magic,69,140000,,,
https://www.youtube.com/watch?v=6UW8U09vA2Y,videos,The Gift That Keeps on Giving | December '24 Pixel Drop,71,134000,,,
https://www.youtube.com/watch?v=pQFzuwbNtzQ,videos,Experience the Power of AI on Google Pixel 8,31,134000,,,
https://www.youtube.com/watch?v=SIDz6Z8Ta4M,videos,The Design of Google Pixel 9,55,132000,,,
https://www.youtube.com/watch?v=zl9XjtvxtlY,videos,Google Pixel Watch 5 | Imagine,21,125000,,,
https://www.youtube.com/watch?v=qkWq1VcMvUI,videos,Google Fitbit Air X Stephen Curry,31,115000,,,
https://www.youtube.com/watch?v=8ZokoxQNG6M,videos,Google Pixel 9 With Magic Editor,16,111000,,,
https://www.youtube.com/watch?v=8aJpecIJ4a4,videos,Google Pixel Buds Pro 2 With Gemini | Better Than Ever,31,104000,,,
https://www.youtube.com/watch?v=EFUP3pJDZhw,videos,The Design of Google Pixel 9 Pro,64,97000,,,
https://www.youtube.com/watch?v=uOVPdK5Fke4,videos,Nano Banana Image Generation and Editing in Gemini | September '25 Pixel Drop,61,94000,,,
https://www.youtube.com/watch?v=HLiN7wHU1Yk,videos,"Your Pixel Watch, Now With Gemini | July '25 Pixel Drop",51,92000,,,
https://www.youtube.com/watch?v=rOXUZM-Pk7w,videos,Android Quick Share works with AirDrop® on Pixel 10,53,82000,,,
https://www.youtube.com/watch?v=xzFXRKq6oEY,videos,A Spring Refresh for Your Pixel | March '26 Pixel Drop,68,80000,,,
https://www.youtube.com/watch?v=6VZFeg6DCTE,videos,Fitbit Ace LTE: Reach Your Kids Without a Smartphone,50,77000,,,
https://www.youtube.com/watch?v=85WH_LGeMzc,videos,Google Pixel 9 Pro Fold: Multitasking,16,74000,,,
https://www.youtube.com/watch?v=kizzt0IWPLI,videos,The Design of Google Pixel Buds Pro 2,56,68000,,,
https://www.youtube.com/watch?v=lxS5bfoMZ-A,videos,"Google Pixel 9a: Google Powered, Business Ready",36,67000,,,
https://www.youtube.com/watch?v=v7sWikAU-os,videos,"Google Pixel Buds 2a With Gemini | Unbelievable Sound, Unreal Value",31,64000,,,
https://www.youtube.com/watch?v=YCZiHmWX41U,videos,The Design of Google Pixel 8a,43,64000,,,
https://www.youtube.com/watch?v=4SSTySxevDI,videos,Google Pixel 9 With Gemini | Interruptions,31,61000,,,
https://www.youtube.com/watch?v=49xmaKCzoJs,videos,Google Pixel 9 With Gemini | Teamwork,31,60000,,,
https://www.youtube.com/watch?v=35tYgtOzyXs,videos,The Design of Google Pixel 11 Pro,15,55000,,,
https://www.youtube.com/watch?v=sx5vKBJoego,videos,Turbocharge Your Search | Gemini Deep Research on Pixel,75,55000,,,
https://www.youtube.com/watch?v=a2x6W3CGSLw,videos,Do More While Staying In The Flow | June '26 Pixel Drop,56,48000,,,
https://www.youtube.com/watch?v=QsmYnx2sRfc,videos,Nano Banana Has Entered the Chat | November ’25 Pixel Drop,66,48000,,,
https://www.youtube.com/watch?v=F6-pxkF51-g,videos,Google Health Blood Pressure Trends: Track Silent Heart Health Shifts on Wearables,84,47000,,,
https://www.youtube.com/watch?v=2XWw-Or3P4A,videos,The Design of Google Pixel 9a,82,42000,,,
https://www.youtube.com/watch?v=0vG_lw563J0,videos,Gemini on Google Pixel 11 Pro | Ms. Popular,31,36000,,,
https://www.youtube.com/watch?v=1mO3lW-FvuI,videos,Search Your Screen with Circle to Search on Google Pixel 8,31,34000,,,
https://www.youtube.com/watch?v=gMpiZitWNes,videos,Give the VIP Treatment | June ‘25 Pixel Drop,70,33000,,,
https://www.youtube.com/watch?v=JvB1R7rRIi8,videos,The Design of Google Pixel 9 Pro Fold,52,31000,,,
https://www.youtube.com/watch?v=i1W6PMlm5nA,videos,Summarize your Emails with Gemini on Google Pixel 8,16,30000,,,
https://www.youtube.com/watch?v=NkjW_8JKcUs,videos,"Long Texts, Summarized Instantly | November ’25 Pixel Drop",36,28000,,,
https://www.youtube.com/watch?v=nXJ0MSvbpEU,videos,Find The Look and Try It On with Circle To Search | March '26 Pixel Drop,60,27000,,,
https://www.youtube.com/watch?v=q_hJIYpsbdw,videos,Google Pixel 10a: The intelligent choice for business,73,26000,,,
https://www.youtube.com/watch?v=aBx8-LvAxg4,videos,Behind the Scenes: Pixel Tablet | Belonging at Home,52,26000,,,
https://www.youtube.com/watch?v=vJBXZlP6dpM,videos,The Design of Google Pixel 11,16,25000,,,
https://www.youtube.com/watch?v=DMW6Y7IxVpc,videos,Google Pixel 9 With Gemini | Trash Talk,31,25000,,,
https://www.youtube.com/watch?v=yI3B_72WKwg,videos,The Design of Google Pixel 11 Pro Fold,15,24000,,,
https://www.youtube.com/watch?v=Nlhei-Dyjtk,videos,The Design of Google Pixel Watch 5,15,24000,,,
https://www.youtube.com/watch?v=sEgG4ZpvNHc,videos,Let Google Pixel Handle Your Busy Work | March '26 Pixel Drop,39,24000,,,
https://www.youtube.com/watch?v=fHSZeZRqXmY,videos,The Design of Google Pixel 10 Pro,19,24000,,,
https://www.youtube.com/watch?v=HRXXZRtasjg,videos,Mark Rober Experiments with Gemini Live,72,24000,,,
https://www.youtube.com/watch?v=sYUIiTh2Fg8,videos,Google Pixel 11 Pro Designed for Gemini Intelligence | No Sweat,31,23000,,,
https://www.youtube.com/watch?v=sk5nnVqibRw,videos,Keep Your VIPs Feeling VIP | November ’25 Pixel Drop,37,23000,,,
https://www.youtube.com/watch?v=pJsHNTTaa40,videos,Google Pixel 10a with Camera Coach,31,21000,,,
https://www.youtube.com/watch?v=y9trXXvxD2U,videos,Google Pixel 10a with Auto Best Take,21,20000,,,
https://www.youtube.com/watch?v=yQdiZIz13JQ,videos,Need A Hand? Let Your Watch Handle It | March '26 Pixel Drop,41,20000,,,
https://www.youtube.com/watch?v=a0E-0Z-geJ8,videos,All Your Discovered Songs. Now In One Place. | March '26 Pixel Drop,41,20000,,,
https://www.youtube.com/watch?v=AK91BPEWFpI,videos,The Design of Google Pixel 10,20,20000,,,
https://www.youtube.com/watch?v=VaIAme1dM-4,videos,Fitbit Ace LTE: Motivation to Move Delivered Straight to Your Kid’s Wrist,60,20000,,,
https://www.youtube.com/watch?v=mB74nVRAKXo,videos,Summarize on Google Pixel 8a,16,19000,,,
https://www.youtube.com/watch?v=EW7J7zNeJXE,videos,Audio Magic Eraser on Google Pixel 8a,16,19000,,,
https://www.youtube.com/watch?v=AC9QIlAyrKo,videos,Google Pixel 10a with Gemini Live,21,18000,,,
https://www.youtube.com/watch?v=PMuLJIs-BZM,videos,The Design of the Nest Learning Thermostat,55,18000,,,
https://www.youtube.com/watch?v=dTmv3rBRuq8,videos,"Made by Google '26: Google Pixel, Official Mobile Phone Partner",47,16000,,,
https://www.youtube.com/watch?v=ox-8HMdsxgA,videos,"Real Time Screen Reactions, No Extra Apps | June '26 Pixel Drop",53,14000,,,
https://www.youtube.com/watch?v=_i8uo522vh4,videos,Made by Google ‘26: Ayami Nakajo Colors,37,13000,,,
https://www.youtube.com/watch?v=xzyhqtLrEd4,videos,Google Pixel 10 | Switch like Jimmy Butler,31,13000,,,
https://www.youtube.com/watch?v=XbrOEwWF_Fo,videos,"The Design of the Nest Doorbell (wired, 3rd gen)",20,12000,,,
https://www.youtube.com/watch?v=oq8J2swu020,videos,The Design of Google Pixel Buds 2a,18,12000,,,
https://www.youtube.com/watch?v=4UJraTXrU5I,videos,Fitbit Ace LTE: Independence for Them & Peace of Mind for You,42,12000,,,
https://www.youtube.com/watch?v=Z38JMyYXFjY,videos,The Design of Nest Camera Indoor,19,11000,,,
https://www.youtube.com/watch?v=fzPQZ86DVPg,videos,Restaurant Recos from Gemini? Right on Cue | March '26 Pixel Drop,41,9600,,,
https://www.youtube.com/watch?v=9MtHZ4UTdlk,videos,Google Pixel 10 | The Perfect Assist,76,9100,,,
https://www.youtube.com/watch?v=ERH1TTbccdo,videos,Feature Focus Series: Double Tap Camera,85,9100,,,
https://www.youtube.com/watch?v=YlzUP8RfrmY,videos,The Design of Google Pixel 10 Pro Fold,20,8700,,,
https://www.youtube.com/watch?v=gCjLH5aPslw,videos,Made by Google ‘26: Stephen & Dell Curry,90,6100,,,
https://www.youtube.com/watch?v=zGPj_LbjdBE,videos,Turn Any Moment Into A Track | June '26 Pixel Drop,55,,,,
https://www.youtube.com/watch?v=ESghXMNKZ5s,videos,Your biggest ideas…now bigger | June '26 Pixel Drop,85,,,,
https://www.youtube.com/watch?v=ybBInaRZEL4,videos,What If Your Phone Could Unlock More Creativity? | June '26 Pixel Drop,69,,,,
https://www.youtube.com/watch?v=fy3iUP3uiws,videos,Google Pixel 10 | Moving on,31,,,,
